name,openml_id,n_instances_meta,n_features_meta,n_samples,n_features,n_classes,minority_fraction,dt_auc,status,failures,error
fri_c3_500_50                                                                         ,937,500,51,500.0,50.0,2.0,0.436,0.8271493212669683,PASS,,
fri_c3_500_10                                                                         ,936,500,11,500.0,10.0,2.0,0.456,0.8715925394548063,PASS,,
fri_c1_500_50                                                                         ,766,500,51,500.0,50.0,2.0,0.476,0.7811552861472634,PASS,,
fri_c4_500_100                                                                        ,742,500,101,500.0,100.0,2.0,0.434,0.7696832579185521,PASS,,
fri_c1_500_5                                                                          ,870,500,6,500.0,5.0,2.0,0.466,0.8464285714285714,PASS,,
fri_c3_500_25                                                                         ,896,500,26,500.0,25.0,2.0,0.44,0.7884199134199134,PASS,,
pm10                                                                                  ,750,500,8,500.0,7.0,2.0,0.492,0.5867709815078236,PASS,,
dresses-sales                                                                         ,23381,500,13,500.0,12.0,2.0,0.42,0.5066593687283343,PASS,,
fri_c3_500_5                                                                          ,749,500,6,500.0,5.0,2.0,0.474,0.8852736673203779,PASS,,
fri_c2_500_50                                                                         ,920,500,51,500.0,50.0,2.0,0.41,0.892521643028182,PASS,,
fri_c0_500_25                                                                         ,926,500,26,500.0,25.0,2.0,0.49,0.6991465149359886,PASS,,
fri_c4_500_10                                                                         ,855,500,11,500.0,10.0,2.0,0.448,0.8246718216148176,PASS,,
fri_c2_500_10                                                                         ,869,500,11,500.0,10.0,2.0,0.428,0.9006177325581395,PASS,,
fri_c4_500_25                                                                         ,838,500,26,500.0,25.0,2.0,0.432,0.8072398190045249,PASS,,
fri_c0_500_5                                                                          ,884,500,6,500.0,5.0,2.0,0.498,0.82,PASS,,
fri_c2_500_5                                                                          ,792,500,6,500.0,5.0,2.0,0.404,0.8557745441149383,PASS,,
fri_c1_500_25                                                                         ,779,500,26,500.0,25.0,2.0,0.466,0.76875,PASS,,
fri_c2_500_25                                                                         ,879,500,26,500.0,25.0,2.0,0.392,0.823430806481654,PASS,,
fri_c0_500_50                                                                         ,888,500,51,500.0,50.0,2.0,0.488,0.7133072407045009,PASS,,
no2                                                                                   ,886,500,8,500.0,7.0,2.0,0.498,0.6,PASS,,
fri_c0_500_10                                                                         ,943,500,11,500.0,10.0,2.0,0.482,0.831196581196581,PASS,,
fri_c1_500_10                                                                         ,824,500,11,500.0,10.0,2.0,0.452,0.7749282639885222,PASS,,
fri_c4_500_50                                                                         ,805,500,51,500.0,50.0,2.0,0.472,0.8254590836156177,PASS,,
boston_corrected                                                                      ,825,506,21,506.0,20.0,2.0,0.4407114624505929,0.806145741878841,PASS,,
boston                                                                                ,853,506,14,506.0,13.0,2.0,0.4130434782608695,0.7897271268057785,PASS,,
rmftsa_ladata                                                                         ,717,508,11,508.0,10.0,2.0,0.437007874015748,0.8290524123568206,PASS,,
threeOf9                                                                              ,40690,512,10,512.0,9.0,2.0,0.46484375,0.9861111111111112,PASS,,
diabetes_risk_prediction_dataset                                                      ,46869,520,17,520.0,16.0,2.0,0.3846153846153846,0.9541666666666668,PASS,,
kc2                                                                                   ,1063,522,22,522.0,21.0,2.0,0.2049808429118774,0.63925,PASS,,
water-treatment                                                                       ,940,527,37,527.0,36.0,2.0,0.1518026565464895,0.9888888888888888,PASS,,
doa_bwin                                                                              ,45711,530,14,530.0,13.0,2.0,0.3320754716981132,0.5188679245283019,PASS,,
bwin_amlb                                                                             ,45717,530,14,530.0,13.0,2.0,0.3320754716981132,0.5188679245283019,PASS,,
cylinder-bands                                                                        ,45707,540,38,540.0,37.0,2.0,0.4222222222222222,0.7232478097622027,PASS,,
monks-problems-3                                                                      ,335,554,7,554.0,6.0,2.0,0.4801444043321299,0.9816091954022989,PASS,,
wdbc                                                                                  ,1510,569,31,569.0,30.0,2.0,0.3725834797891036,0.8891647196261683,PASS,,
sensory                                                                               ,826,576,12,576.0,11.0,2.0,0.4149305555555556,0.6064356435643564,PASS,,
ilpd-numeric                                                                          ,41945,583,11,583.0,10.0,2.0,0.2864493996569468,0.598,PASS,,
ilpd                                                                                  ,1480,583,11,583.0,10.0,2.0,0.2864493996569468,0.598,PASS,,
isolet                                                                                ,41966,600,618,600.0,617.0,2.0,0.5,0.9666666666666668,PASS,,
synthetic_control                                                                     ,1004,600,61,600.0,60.0,2.0,0.1666666666666666,0.9833333333333334,PASS,,
Loan-Predication                                                                      ,43595,614,12,614.0,11.0,2.0,0.3127035830618892,0.7227803421124084,PASS,,
balance-scale                                                                         ,997,625,5,625.0,4.0,2.0,0.4608,0.8740184363263912,PASS,,
strikes                                                                               ,770,625,7,625.0,6.0,2.0,0.496,0.8672891907187322,PASS,,
disclosure_x_noise                                                                    ,827,662,4,662.0,3.0,2.0,0.4969788519637462,0.4723232323232322,PASS,,
disclosure_z                                                                          ,931,662,4,662.0,3.0,2.0,0.4743202416918429,0.5362715298885512,PASS,,
disclosure_x_tampered                                                                 ,795,662,4,662.0,3.0,2.0,0.4939577039274924,0.4273085471812487,PASS,,
disclosure_x_bias                                                                     ,774,662,4,662.0,3.0,2.0,0.4788519637462236,0.5021761133603239,PASS,,
profb                                                                                 ,470,672,10,672.0,9.0,2.0,0.3333333333333333,0.5533443891652847,PASS,,
Australian_seed_4_nrows_2000_nclasses_10_ncols_100_stratify_True                      ,44487,690,15,690.0,14.0,2.0,0.4449275362318841,0.7880434782608695,PASS,,
dataset_credit-approval                                                               ,46545,690,16,690.0,15.0,2.0,0.4449275362318841,0.8369565217391305,PASS,,
Australian_seed_3_nrows_2000_nclasses_10_ncols_100_stratify_True                      ,44486,690,15,690.0,14.0,2.0,0.4449275362318841,0.7880434782608695,PASS,,
Australian_seed_2_nrows_2000_nclasses_10_ncols_100_stratify_True                      ,44485,690,15,690.0,14.0,2.0,0.4449275362318841,0.7880434782608695,PASS,,
credit-approval_reproduced                                                            ,44155,690,16,690.0,15.0,2.0,0.4449275362318841,0.8141304347826086,PASS,,
Australian_seed_1_nrows_2000_nclasses_10_ncols_100_stratify_True                      ,44484,690,15,690.0,14.0,2.0,0.4449275362318841,0.7880434782608695,PASS,,
Australian                                                                            ,40981,690,15,690.0,14.0,2.0,0.4449275362318841,0.7880434782608695,PASS,,
Australian_seed_0_nrows_2000_nclasses_10_ncols_100_stratify_True                      ,44483,690,15,690.0,14.0,2.0,0.4449275362318841,0.7880434782608695,PASS,,
credit-approval                                                                       ,46377,690,16,690.0,15.0,2.0,0.4449275362318841,0.8141304347826086,PASS,,
breast-w                                                                              ,15,699,10,699.0,9.0,2.0,0.3447782546494993,0.9468599033816424,PASS,,
doa_bwin_balanced                                                                     ,45712,708,14,708.0,13.0,2.0,0.5,0.6106065949567977,PASS,,
eucalyptus                                                                            ,990,736,20,736.0,19.0,2.0,0.2907608695652174,0.7013335987261147,PASS,,
blood-transfusion-service-center_seed_3_nrows_2000_nclasses_10_ncols_100_stratify_True,44596,748,5,748.0,4.0,2.0,0.2379679144385026,0.6217240632445311,PASS,,
blood-transfusion-service-center_seed_1_nrows_2000_nclasses_10_ncols_100_stratify_True,44594,748,5,748.0,4.0,2.0,0.2379679144385026,0.6217240632445311,PASS,,
blood-transfusion-service-center_seed_0_nrows_2000_nclasses_10_ncols_100_stratify_True,44593,748,5,748.0,4.0,2.0,0.2379679144385026,0.6217240632445311,PASS,,
blood-transfusion-service-center                                                      ,46913,748,5,748.0,4.0,2.0,0.2379679144385026,0.5790556638509854,PASS,,
blood-transfusion-service-center_seed_2_nrows_2000_nclasses_10_ncols_100_stratify_True,44595,748,5,748.0,4.0,2.0,0.2379679144385026,0.6217240632445311,PASS,,
blood-transfusion-service-center_seed_4_nrows_2000_nclasses_10_ncols_100_stratify_True,44597,748,5,748.0,4.0,2.0,0.2379679144385026,0.6217240632445311,PASS,,
diabetes                                                                              ,46921,768,9,768.0,8.0,2.0,0.3489583333333333,0.6877777777777779,PASS,,
kdd_el_nino-small                                                                     ,839,782,9,782.0,8.0,2.0,0.3503836317135549,0.8965407301131835,PASS,,
analcatdata_dmft                                                                      ,1014,797,5,797.0,4.0,2.0,0.1944792973651192,0.4996141549994488,PASS,,
imdb_genre_prediction                                                                 ,46667,800,12,800.0,11.0,2.0,0.4875,0.7197206587450491,PASS,,
glioma_grading_clinical_and_mutation_features                                         ,46846,839,24,839.0,23.0,2.0,0.4195470798569726,0.7574308606875161,PASS,,
analcatdata_authorship                                                                ,970,841,71,841.0,70.0,2.0,0.3769322235434007,0.9389073950699534,PASS,,
vehicle                                                                               ,994,846,19,846.0,18.0,2.0,0.2576832151300236,0.9610500610500612,PASS,,
titanic                                                                               ,42638,891,8,891.0,7.0,2.0,0.3838383838383838,0.7289202706678435,PASS,,
stock                                                                                 ,841,950,10,950.0,9.0,2.0,0.4863157894736842,0.9364590519365332,PASS,,
Tour-and-Travels-Customer-Churn-Prediction                                            ,45545,954,7,954.0,6.0,2.0,0.2348008385744235,0.924762550881954,PASS,,
tic-tac-toe                                                                           ,50,958,10,958.0,9.0,2.0,0.3465553235908142,0.8058510638297872,PASS,,
tokyo1                                                                                ,40705,959,45,959.0,44.0,2.0,0.3607924921793535,0.8798076923076923,PASS,,
Mammographic-Mass-Data-Set                                                            ,45557,961,5,961.0,4.0,2.0,0.4630593132154006,0.7240972556571978,PASS,,
xd6                                                                                   ,40693,973,10,973.0,9.0,2.0,0.3309352517985611,0.9896907216494846,PASS,,
dataset_credit-g                                                                      ,46542,1000,21,1000.0,20.0,2.0,0.3,0.6293650793650793,PASS,,
fri_c1_1000_5                                                                         ,743,1000,6,1000.0,5.0,2.0,0.457,0.8528055169943128,PASS,,
autoUniv-au1-1000                                                                     ,1547,1000,21,1000.0,20.0,2.0,0.259,0.6178101178101177,PASS,,
German-Credit-Data-Creditability                                                      ,46421,1000,72,1000.0,71.0,2.0,0.3,0.676984126984127,PASS,,
fri_c4_1000_50                                                                        ,797,1000,51,1000.0,50.0,2.0,0.44,0.7962662337662336,PASS,,
credit-g_reproduced_1                                                                 ,44098,1000,21,1000.0,20.0,2.0,0.3,0.6293650793650793,PASS,,
credit-g_seed_2_nrows_2000_nclasses_10_ncols_100_stratify_True                        ,44500,1000,21,1000.0,20.0,2.0,0.3,0.6293650793650793,PASS,,
German-Credit-Data-Creditability-2                                                    ,46482,1000,21,1000.0,20.0,2.0,0.3,0.6365079365079365,PASS,,
credit-g_seed_1_nrows_2000_nclasses_10_ncols_100_stratify_True                        ,44499,1000,21,1000.0,20.0,2.0,0.3,0.6293650793650793,PASS,,
credit-g_seed_0_nrows_2000_nclasses_10_ncols_100_stratify_True                        ,44498,1000,21,1000.0,20.0,2.0,0.3,0.6293650793650793,PASS,,
fri_c4_1000_25                                                                        ,723,1000,26,1000.0,25.0,2.0,0.453,0.8159074605451937,PASS,,
credit-g_seed_4_nrows_2000_nclasses_10_ncols_100_stratify_True                        ,44502,1000,21,1000.0,20.0,2.0,0.3,0.6293650793650793,PASS,,
credit-g_seed_3_nrows_2000_nclasses_10_ncols_100_stratify_True                        ,44501,1000,21,1000.0,20.0,2.0,0.3,0.6293650793650793,PASS,,
1StudentPerfromance                                                                   ,43255,1000,8,1000.0,7.0,2.0,0.482,0.7935483870967742,PASS,,
students_scores                                                                       ,43098,1000,8,1000.0,7.0,2.0,0.482,0.7935483870967742,PASS,,
fri_c3_1000_25                                                                        ,715,1000,26,1000.0,25.0,2.0,0.443,0.8409121606411238,PASS,,
fri_c2_1000_10                                                                        ,913,1000,11,1000.0,10.0,2.0,0.42,0.8234811165845649,PASS,,
fri_c2_1000_5                                                                         ,912,1000,6,1000.0,5.0,2.0,0.416,0.9,PASS,,
credit-g_copy                                                                         ,44097,1000,21,1000.0,20.0,2.0,0.3,0.6293650793650793,PASS,,
fri_c1_1000_25                                                                        ,917,1000,26,1000.0,25.0,2.0,0.454,0.8227223816355811,PASS,,
StudentsPerformance                                                                   ,45748,1000,8,1000.0,7.0,2.0,0.482,0.7935483870967742,PASS,,
fri_c3_1000_10                                                                        ,740,1000,11,1000.0,10.0,2.0,0.44,0.844426406926407,PASS,,
German-Credit-Data-Creditability-Preprocessed-Dataset                                 ,46562,1000,34,1000.0,33.0,2.0,0.3,0.642063492063492,PASS,,
fri_c0_1000_25                                                                        ,849,1000,26,1000.0,25.0,2.0,0.497,0.7863460598248811,PASS,,
credit-g                                                                              ,46918,1000,21,1000.0,20.0,2.0,0.3,0.6476190476190476,PASS,,
Credit_Approval_Classification                                                        ,46503,1000,51,1000.0,50.0,2.0,0.3,0.6174603174603174,PASS,,
fri_c4_1000_10                                                                        ,751,1000,11,1000.0,10.0,2.0,0.44,0.8295454545454545,PASS,,
fri_c2_1000_25                                                                        ,903,1000,26,1000.0,25.0,2.0,0.437,0.8101991959889787,PASS,,
fri_c1_1000_50                                                                        ,837,1000,51,1000.0,50.0,2.0,0.453,0.8617288378766141,PASS,,
dummy                                                                                 ,45604,1000,7,1000.0,6.0,2.0,0.273,0.8268068919221303,PASS,,
fri_c0_1000_50                                                                        ,904,1000,51,1000.0,50.0,2.0,0.49,0.7725756969454447,PASS,,
German-Credit-Risk-with-Target                                                        ,46116,1000,10,1000.0,9.0,2.0,0.3,0.6087301587301588,PASS,,
Creditability-German-Credit-Data                                                      ,46416,1000,21,1000.0,20.0,2.0,0.3,0.6365079365079365,PASS,,
fri_c3_1000_5                                                                         ,813,1000,6,1000.0,5.0,2.0,0.437,0.8683093183973983,PASS,,
fri_c4_1000_100                                                                       ,718,1000,101,1000.0,100.0,2.0,0.436,0.7701115678214914,PASS,,
fri_c2_1000_50                                                                        ,866,1000,51,1000.0,50.0,2.0,0.418,0.8171428571428571,PASS,,
fri_c0_1000_5                                                                         ,799,1000,6,1000.0,5.0,2.0,0.497,0.7835237121649852,PASS,,
fri_c3_1000_50                                                                        ,806,1000,51,1000.0,50.0,2.0,0.445,0.8209404783312354,PASS,,
fri_c1_1000_10                                                                        ,910,1000,11,1000.0,10.0,2.0,0.436,0.8387235195808302,PASS,,
fri_c0_1000_10                                                                        ,845,1000,11,1000.0,10.0,2.0,0.491,0.7901160464185674,PASS,,
rmftsa_sleepdata                                                                      ,741,1024,3,1024.0,2.0,2.0,0.4970703125,0.7390048492515284,PASS,,
qsar-biodeg                                                                           ,46952,1054,42,1054.0,41.0,2.0,0.3368121442125237,0.8357365376056966,PASS,,
qsar-biodeg_seed_3_nrows_2000_nclasses_10_ncols_100_stratify_True                     ,44601,1055,42,1055.0,41.0,2.0,0.3374407582938388,0.7599020916777927,PASS,,
qsar-biodeg_seed_0_nrows_2000_nclasses_10_ncols_100_stratify_True                     ,44598,1055,42,1055.0,41.0,2.0,0.3374407582938388,0.7599020916777927,PASS,,
qsar-biodeg_seed_2_nrows_2000_nclasses_10_ncols_100_stratify_True                     ,44600,1055,42,1055.0,41.0,2.0,0.3374407582938388,0.7599020916777927,PASS,,
qsar-biodeg_seed_4_nrows_2000_nclasses_10_ncols_100_stratify_True                     ,44602,1055,42,1055.0,41.0,2.0,0.3374407582938388,0.7599020916777927,PASS,,
qsar                                                                                  ,45077,1055,41,1055.0,40.0,2.0,0.3374407582938388,0.7742768135291499,PASS,,
qsar-biodeg_seed_1_nrows_2000_nclasses_10_ncols_100_stratify_True                     ,44599,1055,42,1055.0,41.0,2.0,0.3374407582938388,0.7599020916777927,PASS,,
solar-flare                                                                           ,40702,1066,11,1066.0,10.0,2.0,0.1707317073170731,0.6219554030874785,PASS,,
parity5_plus_5                                                                        ,40706,1124,11,1124.0,10.0,2.0,0.4955516014234875,0.896540252827678,PASS,,
Credit-Risk-Classification-Dataset                                                    ,46422,1125,43,1125.0,42.0,2.0,0.2,0.5009803921568627,PASS,,
socmob                                                                                ,934,1156,6,1156.0,5.0,2.0,0.2214532871972318,0.8915103415103416,PASS,,
colleges_aaup                                                                         ,897,1161,16,1161.0,15.0,2.0,0.2997416020671835,0.9326112412177986,PASS,,
hill-valley                                                                           ,1566,1212,101,1212.0,100.0,2.0,0.495049504950495,0.5294685990338165,PASS,,
mental-health-in-tech-survey                                                          ,46865,1259,26,1259.0,25.0,2.0,0.1810961080222398,0.5533206831119544,PASS,,
colleges_usnews                                                                       ,930,1302,34,1302.0,33.0,2.0,0.4715821812596006,0.682367149758454,PASS,,
mofn-3-7-10                                                                           ,40680,1324,11,1324.0,10.0,2.0,0.2205438066465256,0.9772727272727272,PASS,,
banknote-authentication                                                               ,1462,1372,5,1372.0,4.0,2.0,0.4446064139941691,0.9885341351086928,PASS,,
USPS                                                                                  ,41964,1424,257,1424.0,256.0,2.0,0.497191011235955,0.9392728463806091,PASS,,
depression_2020                                                                       ,46876,1429,21,1429.0,20.0,2.0,0.1665500349895031,0.4619954363049807,PASS,,
ibm-employee-performance                                                              ,43905,1470,33,1470.0,32.0,2.0,0.1537414965986394,0.5064264311622773,PASS,,
ibm-employee-attrition                                                                ,43896,1470,35,1470.0,34.0,2.0,0.1612244897959183,0.5440426341834792,PASS,,
cmc                                                                                   ,983,1473,10,1473.0,9.0,2.0,0.4270196877121521,0.658102766798419,PASS,,
CanadaFiresD                                                                          ,47150,1491,47,1491.0,46.0,2.0,0.3943661971830985,0.935486897241854,PASS,,
Fitness_Club                                                                          ,46927,1500,7,1500.0,6.0,2.0,0.3026666666666666,0.6257961783439491,PASS,,
PostPartum_Depression                                                                 ,46877,1503,10,1503.0,9.0,2.0,0.3479707252162342,0.9621842367520256,PASS,,
GAMETES_Epistasis_3-Way_20atts_0.2H_EDM-1_1                                           ,40648,1600,21,1600.0,20.0,2.0,0.5,0.5520833333333333,PASS,,
GAMETES_Epistasis_2-Way_20atts_0.1H_EDM-1_1                                           ,40646,1600,21,1600.0,20.0,2.0,0.5,0.5020833333333333,PASS,,
GAMETES_Epistasis_2-Way_1000atts_0.4H_EDM-1_EDM-1_1                                   ,40645,1600,1001,1600.0,1000.0,2.0,0.5,0.5125000000000001,PASS,,
GAMETES_Heterogeneity_20atts_1600_Het_0.4_0.2_50_EDM-2_001                            ,40649,1600,21,1600.0,20.0,2.0,0.5,0.5833333333333333,PASS,,
GAMETES_Heterogeneity_20atts_1600_Het_0.4_0.2_75_EDM-2_001                            ,40650,1600,21,1600.0,20.0,2.0,0.5,0.5479166666666667,PASS,,
GAMETES_Epistasis_2-Way_20atts_0.4H_EDM-1_1                                           ,40647,1600,21,1600.0,20.0,2.0,0.5,0.5833333333333333,PASS,,
MIC                                                                                   ,45648,1649,105,1649.0,104.0,2.0,0.1558520315342632,0.6905331510594669,PASS,,
car                                                                                   ,991,1728,7,1728.0,6.0,2.0,0.2997685185185185,0.989907819453274,PASS,,
FOREX_nzdusd-day-Close                                                                ,41829,1828,12,1828.0,11.0,2.0,0.4863238512035011,0.4790620766594947,PASS,,
FOREX_nzdusd-day-High                                                                 ,41830,1828,12,1828.0,11.0,2.0,0.4863238512035011,0.5760219937843654,PASS,,
FOREX_cadchf-day-Close                                                                ,41811,1831,12,1831.0,11.0,2.0,0.4817039868924085,0.5196292618338298,PASS,,
FOREX_cadchf-day-High                                                                 ,41746,1831,12,1831.0,11.0,2.0,0.4838885854724194,0.6113258498358571,PASS,,
FOREX_usddkk-day-Close                                                                ,41897,1832,12,1832.0,11.0,2.0,0.5,0.4745454545454545,PASS,,
FOREX_eurjpy-day-High                                                                 ,41719,1832,12,1832.0,11.0,2.0,0.4896288209606987,0.5570254931273069,PASS,,
FOREX_eurnzd-day-High                                                                 ,41713,1832,12,1832.0,11.0,2.0,0.4787117903930131,0.5827559253322029,PASS,,
FOREX_usddkk-day-High                                                                 ,41707,1832,12,1832.0,11.0,2.0,0.4868995633187773,0.5872366888959458,PASS,,
FOREX_eurtry-day-Close                                                                ,41765,1832,12,1832.0,11.0,2.0,0.4896288209606987,0.5314000714389661,PASS,,
FOREX_eurnzd-day-Close                                                                ,41826,1832,12,1832.0,11.0,2.0,0.4787117903930131,0.4566712152727176,PASS,,
FOREX_eurhkd-day-High                                                                 ,41733,1832,12,1832.0,11.0,2.0,0.4759825327510917,0.5577820186598813,PASS,,
FOREX_audnzd-day-High                                                                 ,41788,1832,12,1832.0,11.0,2.0,0.4525109170305676,0.6128033729602795,PASS,,
FOREX_eurpln-day-Close                                                                ,41821,1832,12,1832.0,11.0,2.0,0.4896288209606987,0.488490388813187,PASS,,
FOREX_chfjpy-day-Close                                                                ,41724,1832,12,1832.0,11.0,2.0,0.4972707423580786,0.5126221552214332,PASS,,
FOREX_eurrub-day-High                                                                 ,41744,1832,12,1832.0,11.0,2.0,0.4847161572052402,0.5445401728404866,PASS,,
FOREX_eurjpy-day-Close                                                                ,41754,1832,12,1832.0,11.0,2.0,0.4890829694323144,0.5367381497307809,PASS,,
FOREX_chfsgd-day-High                                                                 ,41864,1832,12,1832.0,11.0,2.0,0.4546943231441048,0.5866666666666667,PASS,,
FOREX_audnzd-day-Close                                                                ,41867,1832,12,1832.0,11.0,2.0,0.4814410480349345,0.4932141674942072,PASS,,
FOREX_eurpln-day-High                                                                 ,41868,1832,12,1832.0,11.0,2.0,0.4710698689956332,0.59304223221749,PASS,,
FOREX_eurtry-day-High                                                                 ,41785,1832,12,1832.0,11.0,2.0,0.4912663755458515,0.5507936507936508,PASS,,
FOREX_audjpy-day-High                                                                 ,41882,1832,12,1832.0,11.0,2.0,0.486353711790393,0.5937255991847646,PASS,,
FOREX_chfjpy-day-High                                                                 ,41848,1832,12,1832.0,11.0,2.0,0.4890829694323144,0.6129000251359324,PASS,,
FOREX_audsgd-day-Close                                                                ,41849,1832,12,1832.0,11.0,2.0,0.49617903930131,0.5053225955753031,PASS,,
FOREX_audjpy-day-Close                                                                ,41857,1832,12,1832.0,11.0,2.0,0.4776200873362445,0.4975424278957618,PASS,,
FOREX_eurhkd-day-Close                                                                ,41872,1832,12,1832.0,11.0,2.0,0.4994541484716157,0.5127272727272727,PASS,,
FOREX_eursgd-day-High                                                                 ,41801,1832,12,1832.0,11.0,2.0,0.4814410480349345,0.6010923535253226,PASS,,
FOREX_eursgd-day-Close                                                                ,41874,1832,12,1832.0,11.0,2.0,0.4956331877729257,0.4907234762830431,PASS,,
FOREX_eurrub-day-Close                                                                ,41815,1832,12,1832.0,11.0,2.0,0.4989082969432314,0.4871998307415635,PASS,,
FOREX_chfsgd-day-Close                                                                ,41841,1832,12,1832.0,11.0,2.0,0.4907205240174672,0.4851190476190476,PASS,,
FOREX_audsgd-day-High                                                                 ,41756,1832,12,1832.0,11.0,2.0,0.4923580786026201,0.5703950587892976,PASS,,
FOREX_eurchf-day-High                                                                 ,41803,1833,12,1833.0,11.0,2.0,0.4664484451718494,0.5576287167501095,PASS,,
FOREX_usdcad-day-High                                                                 ,41753,1833,12,1833.0,11.0,2.0,0.497545008183306,0.5543874960330054,PASS,,
FOREX_audchf-day-Close                                                                ,41740,1833,12,1833.0,11.0,2.0,0.4953627932351336,0.5386822894625476,PASS,,
FOREX_eurchf-day-Close                                                                ,41894,1833,12,1833.0,11.0,2.0,0.48063284233497,0.5298659673659674,PASS,,
FOREX_audchf-day-High                                                                 ,41875,1833,12,1833.0,11.0,2.0,0.4931805782869612,0.6110383684482006,PASS,,
FOREX_usdcad-day-Close                                                                ,41834,1833,12,1833.0,11.0,2.0,0.4762684124386252,0.4939302374893978,PASS,,
FOREX_audusd-day-Close                                                                ,41737,1834,12,1834.0,11.0,2.0,0.4972737186477644,0.4864818572294396,PASS,,
FOREX_audcad-day-High                                                                 ,41721,1834,12,1834.0,11.0,2.0,0.4923664122137404,0.6222851871375856,PASS,,
FOREX_cadjpy-day-Close                                                                ,41790,1834,12,1834.0,11.0,2.0,0.4967284623773173,0.4937218372025613,PASS,,
FOREX_cadjpy-day-High                                                                 ,41839,1834,12,1834.0,11.0,2.0,0.4983642311886587,0.5462779973649539,PASS,,
FOREX_euraud-day-High                                                                 ,41866,1834,12,1834.0,11.0,2.0,0.4907306434023991,0.6111704230921312,PASS,,
FOREX_gbpusd-day-Close                                                                ,41784,1834,12,1834.0,11.0,2.0,0.4918211559432933,0.5258632050606221,PASS,,
FOREX_eurhuf-day-High                                                                 ,41760,1834,12,1834.0,11.0,2.0,0.480370774263904,0.6114658925979681,PASS,,
FOREX_eurcad-day-High                                                                 ,41725,1834,12,1834.0,11.0,2.0,0.4912758996728462,0.5952029520295203,PASS,,
FOREX_eurhuf-day-Close                                                                ,41750,1834,12,1834.0,11.0,2.0,0.4934569247546346,0.474106578115117,PASS,,
FOREX_audcad-day-Close                                                                ,41769,1834,12,1834.0,11.0,2.0,0.490185387131952,0.5225319625675497,PASS,,
FOREX_gbpusd-day-High                                                                 ,41764,1834,12,1834.0,11.0,2.0,0.4890948745910577,0.5535474175433046,PASS,,
FOREX_eurcad-day-Close                                                                ,41716,1834,12,1834.0,11.0,2.0,0.4820065430752454,0.4743107769423559,PASS,,
FOREX_euraud-day-Close                                                                ,41818,1834,12,1834.0,11.0,2.0,0.4841875681570338,0.4683494223769584,PASS,,
FOREX_audusd-day-High                                                                 ,41726,1834,12,1834.0,11.0,2.0,0.4776444929116685,0.5866735318969158,PASS,,
FOREX_eurgbp-day-High                                                                 ,41766,1835,12,1835.0,11.0,2.0,0.4888283378746594,0.5807429671227821,PASS,,
FOREX_usdjpy-day-High                                                                 ,41797,1835,12,1835.0,11.0,2.0,0.4980926430517711,0.5860760494347678,PASS,,
FOREX_usdchf-day-Close                                                                ,41858,1835,12,1835.0,11.0,2.0,0.4817438692098093,0.4866803008312442,PASS,,
FOREX_usdchf-day-High                                                                 ,41730,1835,12,1835.0,11.0,2.0,0.4991825613079019,0.6026021080368906,PASS,,
FOREX_usdjpy-day-Close                                                                ,41722,1835,12,1835.0,11.0,2.0,0.4915531335149863,0.5169939377965208,PASS,,
FOREX_eurgbp-day-Close                                                                ,41844,1835,12,1835.0,11.0,2.0,0.4904632152588556,0.4788849347568208,PASS,,
FOREX_eurdkk-day-Close                                                                ,41783,1836,12,1836.0,11.0,2.0,0.4793028322440087,0.4991289198606272,PASS,,
FOREX_eurdkk-day-High                                                                 ,41847,1836,12,1836.0,11.0,2.0,0.4885620915032679,0.54551266840676,PASS,,
FOREX_eurusd-day-High                                                                 ,41720,1837,12,1837.0,11.0,2.0,0.4790419161676646,0.5558712121212122,PASS,,
FOREX_eursek-day-High                                                                 ,41731,1837,12,1837.0,11.0,2.0,0.4850299401197604,0.5553394996846752,PASS,,
FOREX_eursek-day-Close                                                                ,41846,1837,12,1837.0,11.0,2.0,0.4964616222101252,0.5036233786693273,PASS,,
FOREX_eurnok-day-High                                                                 ,41863,1837,12,1837.0,11.0,2.0,0.4828524768644529,0.5639266706091071,PASS,,
FOREX_eurnok-day-Close                                                                ,41812,1837,12,1837.0,11.0,2.0,0.4986390854654328,0.5161995405316705,PASS,,
FOREX_eurusd-day-Close                                                                ,41791,1837,12,1837.0,11.0,2.0,0.4959172563962983,0.4636874442052198,PASS,,
pbcseq                                                                                ,802,1945,19,1945.0,18.0,2.0,0.4997429305912596,0.7260273972602739,PASS,,
communities-and-crime-binary                                                          ,43891,1994,129,1994.0,128.0,2.0,0.4237713139418255,0.7380862718247175,PASS,,
kc1_seed_1_nrows_2000_nclasses_10_ncols_100_stratify_True                             ,44629,2000,22,2000.0,21.0,2.0,0.1545,0.6834531611206549,PASS,,
ada_seed_4_nrows_2000_nclasses_10_ncols_100_stratify_True                             ,44572,2000,49,2000.0,48.0,2.0,0.248,0.7120344052738881,PASS,,
ada_seed_3_nrows_2000_nclasses_10_ncols_100_stratify_True                             ,44571,2000,49,2000.0,48.0,2.0,0.248,0.7186267652792452,PASS,,
covertype_seed_2_nrows_2000_nclasses_10_ncols_100_stratify_True                       ,44445,2000,55,2000.0,54.0,2.0,0.5,0.7133333333333334,PASS,,
riccardo_seed_2_nrows_2000_nclasses_10_ncols_100_stratify_True                        ,44755,2000,101,2000.0,100.0,2.0,0.25,0.6799999999999999,PASS,,
riccardo_seed_1_nrows_2000_nclasses_10_ncols_100_stratify_True                        ,44754,2000,101,2000.0,100.0,2.0,0.25,0.6588888888888889,PASS,,
riccardo_seed_0_nrows_2000_nclasses_10_ncols_100_stratify_True                        ,44753,2000,101,2000.0,100.0,2.0,0.25,0.6611111111111111,PASS,,
guillermo_seed_4_nrows_2000_nclasses_10_ncols_100_stratify_True                       ,44752,2000,101,2000.0,100.0,2.0,0.4,0.5618055555555556,PASS,,
guillermo_seed_3_nrows_2000_nclasses_10_ncols_100_stratify_True                       ,44751,2000,101,2000.0,100.0,2.0,0.4,0.4979166666666667,PASS,,
eye_movements_seed_1_nrows_2000_nclasses_10_ncols_100_stratify_True                   ,44439,2000,24,2000.0,23.0,2.0,0.5,0.5349999999999999,PASS,,
madeline_seed_2_nrows_2000_nclasses_10_ncols_100_stratify_True                        ,44560,2000,101,2000.0,100.0,2.0,0.497,0.7332770345348683,PASS,,
gina_seed_4_nrows_2000_nclasses_10_ncols_100_stratify_True                            ,44547,2000,101,2000.0,100.0,2.0,0.4915,0.7916921367046401,PASS,,
numerai28.6_seed_1_nrows_2000_nclasses_10_ncols_100_stratify_True                     ,44494,2000,22,2000.0,21.0,2.0,0.495,0.5315031503150315,PASS,,
gina_seed_1_nrows_2000_nclasses_10_ncols_100_stratify_True                            ,44544,2000,101,2000.0,100.0,2.0,0.4915,0.7820227841066962,PASS,,
gina_seed_0_nrows_2000_nclasses_10_ncols_100_stratify_True                            ,44543,2000,101,2000.0,100.0,2.0,0.4915,0.7435954431786609,PASS,,
adult_seed_4_nrows_2000_nclasses_10_ncols_100_stratify_True                           ,44727,2000,15,2000.0,14.0,2.0,0.2395,0.7158260233918129,PASS,,
adult_seed_3_nrows_2000_nclasses_10_ncols_100_stratify_True                           ,44726,2000,15,2000.0,14.0,2.0,0.2395,0.6796418128654971,PASS,,
adult_seed_2_nrows_2000_nclasses_10_ncols_100_stratify_True                           ,44725,2000,15,2000.0,14.0,2.0,0.2395,0.76078216374269,PASS,,
credit_seed_3_nrows_2000_nclasses_10_ncols_100_stratify_True                          ,44360,2000,11,2000.0,10.0,2.0,0.5,0.6950000000000001,PASS,,
credit_seed_4_nrows_2000_nclasses_10_ncols_100_stratify_True                          ,44361,2000,11,2000.0,10.0,2.0,0.5,0.6616666666666666,PASS,,
gina_seed_3_nrows_2000_nclasses_10_ncols_100_stratify_True                            ,44546,2000,101,2000.0,100.0,2.0,0.4915,0.756043345373715,PASS,,
riccardo_seed_4_nrows_2000_nclasses_10_ncols_100_stratify_True                        ,44757,2000,101,2000.0,100.0,2.0,0.25,0.6555555555555557,PASS,,
riccardo_seed_3_nrows_2000_nclasses_10_ncols_100_stratify_True                        ,44756,2000,101,2000.0,100.0,2.0,0.25,0.6422222222222221,PASS,,
covertype_seed_4_nrows_2000_nclasses_10_ncols_100_stratify_True                       ,44447,2000,55,2000.0,54.0,2.0,0.5,0.7150000000000001,PASS,,
electricity_seed_0_nrows_2000_nclasses_10_ncols_100_stratify_True                     ,44433,2000,9,2000.0,8.0,2.0,0.5,0.7600000000000001,PASS,,
electricity_seed_1_nrows_2000_nclasses_10_ncols_100_stratify_True                     ,44434,2000,9,2000.0,8.0,2.0,0.5,0.7866666666666666,PASS,,
electricity_seed_2_nrows_2000_nclasses_10_ncols_100_stratify_True                     ,44435,2000,9,2000.0,8.0,2.0,0.5,0.77,PASS,,
electricity_seed_3_nrows_2000_nclasses_10_ncols_100_stratify_True                     ,44436,2000,9,2000.0,8.0,2.0,0.5,0.7433333333333333,PASS,,
electricity_seed_4_nrows_2000_nclasses_10_ncols_100_stratify_True                     ,44437,2000,9,2000.0,8.0,2.0,0.5,0.73,PASS,,
eye_movements_seed_0_nrows_2000_nclasses_10_ncols_100_stratify_True                   ,44438,2000,24,2000.0,23.0,2.0,0.5,0.555,PASS,,
eye_movements_seed_2_nrows_2000_nclasses_10_ncols_100_stratify_True                   ,44440,2000,24,2000.0,23.0,2.0,0.5,0.5416666666666667,PASS,,
eye_movements_seed_3_nrows_2000_nclasses_10_ncols_100_stratify_True                   ,44441,2000,24,2000.0,23.0,2.0,0.5,0.5533333333333333,PASS,,
adult_seed_0_nrows_2000_nclasses_10_ncols_100_stratify_True                           ,44723,2000,15,2000.0,14.0,2.0,0.2395,0.7043128654970762,PASS,,
nomao_seed_4_nrows_2000_nclasses_10_ncols_100_stratify_True                           ,44717,2000,101,2000.0,100.0,2.0,0.2855,0.9100723837565942,PASS,,
nomao_seed_3_nrows_2000_nclasses_10_ncols_100_stratify_True                           ,44716,2000,101,2000.0,100.0,2.0,0.2855,0.897742608268924,PASS,,
nomao_seed_2_nrows_2000_nclasses_10_ncols_100_stratify_True                           ,44715,2000,101,2000.0,100.0,2.0,0.2855,0.8609782030834663,PASS,,
nomao_seed_1_nrows_2000_nclasses_10_ncols_100_stratify_True                           ,44714,2000,101,2000.0,100.0,2.0,0.2855,0.9000940579887949,PASS,,
adult_seed_1_nrows_2000_nclasses_10_ncols_100_stratify_True                           ,44724,2000,15,2000.0,14.0,2.0,0.2395,0.7401315789473684,PASS,,
madeline_seed_3_nrows_2000_nclasses_10_ncols_100_stratify_True                        ,44561,2000,101,2000.0,100.0,2.0,0.497,0.7649784434863771,PASS,,
madeline_seed_4_nrows_2000_nclasses_10_ncols_100_stratify_True                        ,44562,2000,101,2000.0,100.0,2.0,0.497,0.6565402906795859,PASS,,
philippine_seed_4_nrows_2000_nclasses_10_ncols_100_stratify_True                      ,44567,2000,101,2000.0,100.0,2.0,0.5,0.645,PASS,,
philippine_seed_3_nrows_2000_nclasses_10_ncols_100_stratify_True                      ,44566,2000,101,2000.0,100.0,2.0,0.5,0.6566666666666667,PASS,,
jasmine_seed_0_nrows_2000_nclasses_10_ncols_100_stratify_True                         ,44523,2000,101,2000.0,100.0,2.0,0.5,0.7216666666666667,PASS,,
madeline_seed_1_nrows_2000_nclasses_10_ncols_100_stratify_True                        ,44559,2000,101,2000.0,100.0,2.0,0.497,0.723543268589715,PASS,,
madeline_seed_0_nrows_2000_nclasses_10_ncols_100_stratify_True                        ,44558,2000,101,2000.0,100.0,2.0,0.497,0.6316614071736522,PASS,,
credit_seed_0_nrows_2000_nclasses_10_ncols_100_stratify_True                          ,44357,2000,11,2000.0,10.0,2.0,0.5,0.6749999999999999,PASS,,
christine_seed_4_nrows_2000_nclasses_10_ncols_100_stratify_True                       ,44687,2000,101,2000.0,100.0,2.0,0.5,0.6000000000000001,PASS,,
christine_seed_3_nrows_2000_nclasses_10_ncols_100_stratify_True                       ,44686,2000,101,2000.0,100.0,2.0,0.5,0.605,PASS,,
christine_seed_2_nrows_2000_nclasses_10_ncols_100_stratify_True                       ,44685,2000,101,2000.0,100.0,2.0,0.5,0.605,PASS,,
christine_seed_1_nrows_2000_nclasses_10_ncols_100_stratify_True                       ,44684,2000,101,2000.0,100.0,2.0,0.5,0.59,PASS,,
christine_seed_0_nrows_2000_nclasses_10_ncols_100_stratify_True                       ,44683,2000,101,2000.0,100.0,2.0,0.5,0.5933333333333334,PASS,,
sylvine_seed_4_nrows_2000_nclasses_10_ncols_100_stratify_True                         ,44682,2000,21,2000.0,20.0,2.0,0.5,0.9116666666666666,PASS,,
nomao_seed_0_nrows_2000_nclasses_10_ncols_100_stratify_True                           ,44713,2000,101,2000.0,100.0,2.0,0.2855,0.8971496339917392,PASS,,
PhishingWebsites_seed_0_nrows_2000_nclasses_10_ncols_100_stratify_True                ,44673,2000,31,2000.0,30.0,2.0,0.443,0.8985300076538654,PASS,,
sylvine_seed_3_nrows_2000_nclasses_10_ncols_100_stratify_True                         ,44681,2000,21,2000.0,20.0,2.0,0.5,0.91,PASS,,
sylvine_seed_2_nrows_2000_nclasses_10_ncols_100_stratify_True                         ,44680,2000,21,2000.0,20.0,2.0,0.5,0.905,PASS,,
sylvine_seed_1_nrows_2000_nclasses_10_ncols_100_stratify_True                         ,44679,2000,21,2000.0,20.0,2.0,0.5,0.8916666666666667,PASS,,
guillermo_seed_2_nrows_2000_nclasses_10_ncols_100_stratify_True                       ,44750,2000,101,2000.0,100.0,2.0,0.4,0.5430555555555555,PASS,,
guillermo_seed_1_nrows_2000_nclasses_10_ncols_100_stratify_True                       ,44749,2000,101,2000.0,100.0,2.0,0.4,0.5201388888888888,PASS,,
guillermo_seed_0_nrows_2000_nclasses_10_ncols_100_stratify_True                       ,44748,2000,101,2000.0,100.0,2.0,0.4,0.567361111111111,PASS,,
PhishingWebsites_seed_2_nrows_2000_nclasses_10_ncols_100_stratify_True                ,44675,2000,31,2000.0,30.0,2.0,0.443,0.8877132952140832,PASS,,
PhishingWebsites_seed_1_nrows_2000_nclasses_10_ncols_100_stratify_True                ,44674,2000,31,2000.0,30.0,2.0,0.443,0.9123857548061772,PASS,,
Higgs_seed_4_nrows_2000_nclasses_10_ncols_100_stratify_True                           ,44422,2000,25,2000.0,24.0,2.0,0.5,0.5900000000000001,PASS,,
Bioresponse_seed_2_nrows_2000_nclasses_10_ncols_100_stratify_True                     ,44655,2000,101,2000.0,100.0,2.0,0.4575,0.6373034965034965,PASS,,
Bioresponse_seed_1_nrows_2000_nclasses_10_ncols_100_stratify_True                     ,44654,2000,101,2000.0,100.0,2.0,0.4575,0.6475524475524476,PASS,,
wine_seed_1_nrows_2000_nclasses_10_ncols_100_stratify_True                            ,44368,2000,12,2000.0,11.0,2.0,0.5,0.7450000000000001,PASS,,
wine_seed_0_nrows_2000_nclasses_10_ncols_100_stratify_True                            ,44367,2000,12,2000.0,11.0,2.0,0.5,0.7200000000000001,PASS,,
california_seed_4_nrows_2000_nclasses_10_ncols_100_stratify_True                      ,44366,2000,9,2000.0,8.0,2.0,0.5,0.7666666666666667,PASS,,
california_seed_3_nrows_2000_nclasses_10_ncols_100_stratify_True                      ,44365,2000,9,2000.0,8.0,2.0,0.5,0.7883333333333333,PASS,,
covertype_seed_0_nrows_2000_nclasses_10_ncols_100_stratify_True                       ,44443,2000,55,2000.0,54.0,2.0,0.5,0.7366666666666666,PASS,,
covertype_seed_1_nrows_2000_nclasses_10_ncols_100_stratify_True                       ,44444,2000,55,2000.0,54.0,2.0,0.5,0.6933333333333334,PASS,,
california_seed_2_nrows_2000_nclasses_10_ncols_100_stratify_True                      ,44364,2000,9,2000.0,8.0,2.0,0.5,0.7716666666666666,PASS,,
numerai28.6_seed_0_nrows_2000_nclasses_10_ncols_100_stratify_True                     ,44493,2000,22,2000.0,21.0,2.0,0.495,0.5119011901190119,PASS,,
airlines_seed_4_nrows_2000_nclasses_10_ncols_100_stratify_True                        ,44532,2000,8,2000.0,7.0,2.0,0.4455,0.5673651179269157,PASS,,
airlines_seed_3_nrows_2000_nclasses_10_ncols_100_stratify_True                        ,44531,2000,8,2000.0,7.0,2.0,0.4455,0.5422613624860816,PASS,,
airlines_seed_2_nrows_2000_nclasses_10_ncols_100_stratify_True                        ,44530,2000,8,2000.0,7.0,2.0,0.4455,0.5722070384991733,PASS,,
airlines_seed_1_nrows_2000_nclasses_10_ncols_100_stratify_True                        ,44529,2000,8,2000.0,7.0,2.0,0.4455,0.547946823227722,PASS,,
ada_seed_2_nrows_2000_nclasses_10_ncols_100_stratify_True                             ,44570,2000,49,2000.0,48.0,2.0,0.248,0.7366627479575589,PASS,,
ada_seed_1_nrows_2000_nclasses_10_ncols_100_stratify_True                             ,44569,2000,49,2000.0,48.0,2.0,0.248,0.7076593401687525,PASS,,
ada_seed_0_nrows_2000_nclasses_10_ncols_100_stratify_True                             ,44568,2000,49,2000.0,48.0,2.0,0.248,0.7232696915132666,PASS,,
california_seed_1_nrows_2000_nclasses_10_ncols_100_stratify_True                      ,44363,2000,9,2000.0,8.0,2.0,0.5,0.7749999999999999,PASS,,
california_seed_0_nrows_2000_nclasses_10_ncols_100_stratify_True                      ,44362,2000,9,2000.0,8.0,2.0,0.5,0.7533333333333334,PASS,,
house_16H_seed_4_nrows_2000_nclasses_10_ncols_100_stratify_True                       ,44391,2000,17,2000.0,16.0,2.0,0.5,0.805,PASS,,
house_16H_seed_3_nrows_2000_nclasses_10_ncols_100_stratify_True                       ,44390,2000,17,2000.0,16.0,2.0,0.5,0.8116666666666668,PASS,,
house_16H_seed_2_nrows_2000_nclasses_10_ncols_100_stratify_True                       ,44389,2000,17,2000.0,16.0,2.0,0.5,0.7766666666666666,PASS,,
house_16H_seed_1_nrows_2000_nclasses_10_ncols_100_stratify_True                       ,44388,2000,17,2000.0,16.0,2.0,0.5,0.7849999999999999,PASS,,
house_16H_seed_0_nrows_2000_nclasses_10_ncols_100_stratify_True                       ,44387,2000,17,2000.0,16.0,2.0,0.5,0.8049999999999999,PASS,,
South_Asian_Churn_dataset                                                             ,44227,2000,14,2000.0,13.0,2.0,0.5,0.6533333333333334,PASS,,
Bioresponse_seed_4_nrows_2000_nclasses_10_ncols_100_stratify_True                     ,44657,2000,101,2000.0,100.0,2.0,0.4575,0.6451412587412587,PASS,,
Bioresponse_seed_3_nrows_2000_nclasses_10_ncols_100_stratify_True                     ,44656,2000,101,2000.0,100.0,2.0,0.4575,0.6605594405594405,PASS,,
MagicTelescope_seed_4_nrows_2000_nclasses_10_ncols_100_stratify_True                  ,44401,2000,11,2000.0,10.0,2.0,0.5,0.7333333333333334,PASS,,
MagicTelescope_seed_3_nrows_2000_nclasses_10_ncols_100_stratify_True                  ,44400,2000,11,2000.0,10.0,2.0,0.5,0.77,PASS,,
MagicTelescope_seed_2_nrows_2000_nclasses_10_ncols_100_stratify_True                  ,44399,2000,11,2000.0,10.0,2.0,0.5,0.7483333333333333,PASS,,
MagicTelescope_seed_1_nrows_2000_nclasses_10_ncols_100_stratify_True                  ,44398,2000,11,2000.0,10.0,2.0,0.5,0.7749999999999999,PASS,,
MagicTelescope_seed_0_nrows_2000_nclasses_10_ncols_100_stratify_True                  ,44397,2000,11,2000.0,10.0,2.0,0.5,0.7200000000000001,PASS,,
kdd_ipums_la_97-small_seed_4_nrows_2000_nclasses_10_ncols_100_stratify_True           ,44396,2000,21,2000.0,20.0,2.0,0.5,0.8350000000000001,PASS,,
kdd_ipums_la_97-small_seed_3_nrows_2000_nclasses_10_ncols_100_stratify_True           ,44395,2000,21,2000.0,20.0,2.0,0.5,0.8183333333333334,PASS,,
kdd_ipums_la_97-small_seed_2_nrows_2000_nclasses_10_ncols_100_stratify_True           ,44394,2000,21,2000.0,20.0,2.0,0.5,0.8266666666666667,PASS,,
Bioresponse_seed_0_nrows_2000_nclasses_10_ncols_100_stratify_True                     ,44653,2000,101,2000.0,100.0,2.0,0.4575,0.6609790209790211,PASS,,
kr-vs-kp_seed_4_nrows_2000_nclasses_10_ncols_100_stratify_True                        ,44647,2000,37,2000.0,36.0,2.0,0.478,0.9898364707061038,PASS,,
kr-vs-kp_seed_3_nrows_2000_nclasses_10_ncols_100_stratify_True                        ,44646,2000,37,2000.0,36.0,2.0,0.478,0.9843205574912892,PASS,,
Higgs_seed_3_nrows_2000_nclasses_10_ncols_100_stratify_True                           ,44420,2000,25,2000.0,24.0,2.0,0.5,0.5666666666666667,PASS,,
Higgs_seed_2_nrows_2000_nclasses_10_ncols_100_stratify_True                           ,44419,2000,25,2000.0,24.0,2.0,0.5,0.6,PASS,,
Higgs_seed_1_nrows_2000_nclasses_10_ncols_100_stratify_True                           ,44418,2000,25,2000.0,24.0,2.0,0.5,0.5950000000000001,PASS,,
Higgs_seed_0_nrows_2000_nclasses_10_ncols_100_stratify_True                           ,44417,2000,25,2000.0,24.0,2.0,0.5,0.5883333333333334,PASS,,
MiniBooNE_seed_4_nrows_2000_nclasses_10_ncols_100_stratify_True                       ,44416,2000,51,2000.0,50.0,2.0,0.5,0.8516666666666668,PASS,,
MiniBooNE_seed_3_nrows_2000_nclasses_10_ncols_100_stratify_True                       ,44415,2000,51,2000.0,50.0,2.0,0.5,0.8350000000000001,PASS,,
MiniBooNE_seed_2_nrows_2000_nclasses_10_ncols_100_stratify_True                       ,44414,2000,51,2000.0,50.0,2.0,0.5,0.855,PASS,,
MiniBooNE_seed_1_nrows_2000_nclasses_10_ncols_100_stratify_True                       ,44413,2000,51,2000.0,50.0,2.0,0.5,0.8227444444444443,PASS,,
pol_seed_4_nrows_2000_nclasses_10_ncols_100_stratify_True                             ,44386,2000,27,2000.0,26.0,2.0,0.5,0.9466666666666664,PASS,,
pol_seed_3_nrows_2000_nclasses_10_ncols_100_stratify_True                             ,44385,2000,27,2000.0,26.0,2.0,0.5,0.9633333333333334,PASS,,
pol_seed_2_nrows_2000_nclasses_10_ncols_100_stratify_True                             ,44384,2000,27,2000.0,26.0,2.0,0.5,0.965,PASS,,
pol_seed_1_nrows_2000_nclasses_10_ncols_100_stratify_True                             ,44383,2000,27,2000.0,26.0,2.0,0.5,0.9416666666666668,PASS,,
pol_seed_0_nrows_2000_nclasses_10_ncols_100_stratify_True                             ,44382,2000,27,2000.0,26.0,2.0,0.5,0.955,PASS,,
wine_seed_4_nrows_2000_nclasses_10_ncols_100_stratify_True                            ,44371,2000,12,2000.0,11.0,2.0,0.5,0.7283333333333333,PASS,,
wine_seed_3_nrows_2000_nclasses_10_ncols_100_stratify_True                            ,44370,2000,12,2000.0,11.0,2.0,0.5,0.7416666666666667,PASS,,
wine_seed_2_nrows_2000_nclasses_10_ncols_100_stratify_True                            ,44369,2000,12,2000.0,11.0,2.0,0.5,0.74,PASS,,
rl_seed_0_nrows_2000_nclasses_10_ncols_100_stratify_True                              ,44448,2000,13,2000.0,12.0,2.0,0.5,0.63,PASS,,
jannis_seed_4_nrows_2000_nclasses_10_ncols_100_stratify_True                          ,44432,2000,55,2000.0,54.0,2.0,0.5,0.655,PASS,,
jannis_seed_3_nrows_2000_nclasses_10_ncols_100_stratify_True                          ,44431,2000,55,2000.0,54.0,2.0,0.5,0.6683333333333333,PASS,,
jannis_seed_2_nrows_2000_nclasses_10_ncols_100_stratify_True                          ,44430,2000,55,2000.0,54.0,2.0,0.5,0.6733333333333333,PASS,,
jannis_seed_1_nrows_2000_nclasses_10_ncols_100_stratify_True                          ,44429,2000,55,2000.0,54.0,2.0,0.5,0.6616666666666666,PASS,,
kdd_ipums_la_97-small_seed_1_nrows_2000_nclasses_10_ncols_100_stratify_True           ,44393,2000,21,2000.0,20.0,2.0,0.5,0.8516666666666666,PASS,,
phoneme_seed_0_nrows_2000_nclasses_10_ncols_100_stratify_True                         ,44407,2000,6,2000.0,5.0,2.0,0.5,0.8033333333333335,PASS,,
bank-marketing_seed_4_nrows_2000_nclasses_10_ncols_100_stratify_True                  ,44406,2000,8,2000.0,7.0,2.0,0.5,0.695,PASS,,
bank-marketing_seed_3_nrows_2000_nclasses_10_ncols_100_stratify_True                  ,44405,2000,8,2000.0,7.0,2.0,0.5,0.6883333333333332,PASS,,
bank-marketing_seed_2_nrows_2000_nclasses_10_ncols_100_stratify_True                  ,44404,2000,8,2000.0,7.0,2.0,0.5,0.7216666666666667,PASS,,
bank-marketing_seed_1_nrows_2000_nclasses_10_ncols_100_stratify_True                  ,44403,2000,8,2000.0,7.0,2.0,0.5,0.6983333333333335,PASS,,
bank-marketing_seed_0_nrows_2000_nclasses_10_ncols_100_stratify_True                  ,44402,2000,8,2000.0,7.0,2.0,0.5,0.7233333333333334,PASS,,
rl_seed_3_nrows_2000_nclasses_10_ncols_100_stratify_True                              ,44451,2000,13,2000.0,12.0,2.0,0.5,0.6900000000000001,PASS,,
rl_seed_2_nrows_2000_nclasses_10_ncols_100_stratify_True                              ,44450,2000,13,2000.0,12.0,2.0,0.5,0.6433333333333333,PASS,,
kdd_ipums_la_97-small_seed_0_nrows_2000_nclasses_10_ncols_100_stratify_True           ,44392,2000,21,2000.0,20.0,2.0,0.5,0.8166666666666667,PASS,,
compass_seed_2_nrows_2000_nclasses_10_ncols_100_stratify_True                         ,44460,2000,18,2000.0,17.0,2.0,0.5,0.6133333333333334,PASS,,
compass_seed_1_nrows_2000_nclasses_10_ncols_100_stratify_True                         ,44459,2000,18,2000.0,17.0,2.0,0.5,0.5916666666666666,PASS,,
compass_seed_0_nrows_2000_nclasses_10_ncols_100_stratify_True                         ,44458,2000,18,2000.0,17.0,2.0,0.5,0.6116666666666666,PASS,,
road-safety_seed_4_nrows_2000_nclasses_10_ncols_100_stratify_True                     ,44457,2000,33,2000.0,32.0,2.0,0.5,0.6983333333333333,PASS,,
road-safety_seed_3_nrows_2000_nclasses_10_ncols_100_stratify_True                     ,44456,2000,33,2000.0,32.0,2.0,0.5,0.6266666666666666,PASS,,
numerai28.6_seed_4_nrows_2000_nclasses_10_ncols_100_stratify_True                     ,44497,2000,22,2000.0,21.0,2.0,0.495,0.48008134146748,PASS,,
numerai28.6_seed_3_nrows_2000_nclasses_10_ncols_100_stratify_True                     ,44496,2000,22,2000.0,21.0,2.0,0.495,0.4983331666499982,PASS,,
numerai28.6_seed_2_nrows_2000_nclasses_10_ncols_100_stratify_True                     ,44495,2000,22,2000.0,21.0,2.0,0.495,0.5279694636130279,PASS,,
MiniBooNE_seed_0_nrows_2000_nclasses_10_ncols_100_stratify_True                       ,44412,2000,51,2000.0,50.0,2.0,0.5,0.86,PASS,,
phoneme_seed_4_nrows_2000_nclasses_10_ncols_100_stratify_True                         ,44411,2000,6,2000.0,5.0,2.0,0.5,0.8616666666666667,PASS,,
phoneme_seed_3_nrows_2000_nclasses_10_ncols_100_stratify_True                         ,44410,2000,6,2000.0,5.0,2.0,0.5,0.8016666666666666,PASS,,
phoneme_seed_2_nrows_2000_nclasses_10_ncols_100_stratify_True                         ,44409,2000,6,2000.0,5.0,2.0,0.5,0.7950000000000002,PASS,,
phoneme_seed_1_nrows_2000_nclasses_10_ncols_100_stratify_True                         ,44408,2000,6,2000.0,5.0,2.0,0.5,0.8333333333333334,PASS,,
rl_seed_1_nrows_2000_nclasses_10_ncols_100_stratify_True                              ,44449,2000,13,2000.0,12.0,2.0,0.5,0.6716666666666666,PASS,,
airlines_seed_0_nrows_2000_nclasses_10_ncols_100_stratify_True                        ,44528,2000,8,2000.0,7.0,2.0,0.4455,0.5616965279886629,PASS,,
jasmine_seed_4_nrows_2000_nclasses_10_ncols_100_stratify_True                         ,44527,2000,101,2000.0,100.0,2.0,0.5,0.6966666666666667,PASS,,
jasmine_seed_3_nrows_2000_nclasses_10_ncols_100_stratify_True                         ,44526,2000,101,2000.0,100.0,2.0,0.5,0.7216666666666667,PASS,,
jannis_seed_0_nrows_2000_nclasses_10_ncols_100_stratify_True                          ,44428,2000,55,2000.0,54.0,2.0,0.5,0.6333333333333334,PASS,,
road-safety_seed_2_nrows_2000_nclasses_10_ncols_100_stratify_True                     ,44455,2000,33,2000.0,32.0,2.0,0.5,0.6366666666666668,PASS,,
road-safety_seed_1_nrows_2000_nclasses_10_ncols_100_stratify_True                     ,44454,2000,33,2000.0,32.0,2.0,0.5,0.6383333333333333,PASS,,
road-safety_seed_0_nrows_2000_nclasses_10_ncols_100_stratify_True                     ,44453,2000,33,2000.0,32.0,2.0,0.5,0.7016666666666667,PASS,,
rl_seed_4_nrows_2000_nclasses_10_ncols_100_stratify_True                              ,44452,2000,13,2000.0,12.0,2.0,0.5,0.63,PASS,,
jasmine_seed_2_nrows_2000_nclasses_10_ncols_100_stratify_True                         ,44525,2000,101,2000.0,100.0,2.0,0.5,0.6966666666666667,PASS,,
jasmine_seed_1_nrows_2000_nclasses_10_ncols_100_stratify_True                         ,44524,2000,101,2000.0,100.0,2.0,0.5,0.7083333333333333,PASS,,
KDDCup09_upselling_seed_4_nrows_2000_nclasses_10_ncols_100_stratify_True              ,44467,2000,50,2000.0,49.0,2.0,0.5,0.7533333333333333,PASS,,
KDDCup09_upselling_seed_3_nrows_2000_nclasses_10_ncols_100_stratify_True              ,44466,2000,50,2000.0,49.0,2.0,0.5,0.7633333333333333,PASS,,
KDDCup09_upselling_seed_2_nrows_2000_nclasses_10_ncols_100_stratify_True              ,44465,2000,50,2000.0,49.0,2.0,0.5,0.7316666666666668,PASS,,
KDDCup09_upselling_seed_1_nrows_2000_nclasses_10_ncols_100_stratify_True              ,44464,2000,50,2000.0,49.0,2.0,0.5,0.765,PASS,,
KDDCup09_upselling_seed_0_nrows_2000_nclasses_10_ncols_100_stratify_True              ,44463,2000,50,2000.0,49.0,2.0,0.5,0.7533333333333334,PASS,,
compass_seed_4_nrows_2000_nclasses_10_ncols_100_stratify_True                         ,44462,2000,18,2000.0,17.0,2.0,0.5,0.6116666666666667,PASS,,
compass_seed_3_nrows_2000_nclasses_10_ncols_100_stratify_True                         ,44461,2000,18,2000.0,17.0,2.0,0.5,0.6033333333333333,PASS,,
credit_seed_1_nrows_2000_nclasses_10_ncols_100_stratify_True                          ,44358,2000,11,2000.0,10.0,2.0,0.5,0.7066666666666667,PASS,,
PhishingWebsites_seed_3_nrows_2000_nclasses_10_ncols_100_stratify_True                ,44676,2000,31,2000.0,30.0,2.0,0.443,0.9173326279771284,PASS,,
PhishingWebsites_seed_4_nrows_2000_nclasses_10_ncols_100_stratify_True                ,44677,2000,31,2000.0,30.0,2.0,0.443,0.912261942280852,PASS,,
sylvine_seed_0_nrows_2000_nclasses_10_ncols_100_stratify_True                         ,44678,2000,21,2000.0,20.0,2.0,0.5,0.9116666666666668,PASS,,
kr-vs-kp_seed_0_nrows_2000_nclasses_10_ncols_100_stratify_True                        ,44643,2000,37,2000.0,36.0,2.0,0.478,0.9883837428059354,PASS,,
kc1_seed_4_nrows_2000_nclasses_10_ncols_100_stratify_True                             ,44632,2000,22,2000.0,21.0,2.0,0.1545,0.6717248838836928,PASS,,
covertype_seed_3_nrows_2000_nclasses_10_ncols_100_stratify_True                       ,44446,2000,55,2000.0,54.0,2.0,0.5,0.69,PASS,,
philippine_seed_2_nrows_2000_nclasses_10_ncols_100_stratify_True                      ,44565,2000,101,2000.0,100.0,2.0,0.5,0.6733333333333333,PASS,,
philippine_seed_1_nrows_2000_nclasses_10_ncols_100_stratify_True                      ,44564,2000,101,2000.0,100.0,2.0,0.5,0.6083333333333334,PASS,,
philippine_seed_0_nrows_2000_nclasses_10_ncols_100_stratify_True                      ,44563,2000,101,2000.0,100.0,2.0,0.5,0.6433333333333333,PASS,,
kc1_seed_0_nrows_2000_nclasses_10_ncols_100_stratify_True                             ,44628,2000,22,2000.0,21.0,2.0,0.1545,0.6749273610315794,PASS,,
credit_seed_2_nrows_2000_nclasses_10_ncols_100_stratify_True                          ,44359,2000,11,2000.0,10.0,2.0,0.5,0.6683333333333334,PASS,,
kc1_seed_3_nrows_2000_nclasses_10_ncols_100_stratify_True                             ,44631,2000,22,2000.0,21.0,2.0,0.1545,0.6221395092362835,PASS,,
kc1_seed_2_nrows_2000_nclasses_10_ncols_100_stratify_True                             ,44630,2000,22,2000.0,21.0,2.0,0.1545,0.6074314436597316,PASS,,
gina_seed_2_nrows_2000_nclasses_10_ncols_100_stratify_True                            ,44545,2000,101,2000.0,100.0,2.0,0.4915,0.777632675743262,PASS,,
eye_movements_seed_4_nrows_2000_nclasses_10_ncols_100_stratify_True                   ,44442,2000,24,2000.0,23.0,2.0,0.5,0.5466666666666666,PASS,,
balloon                                                                               ,914,2001,2,2001.0,1.0,2.0,0.24087956021989,0.8642619479733817,PASS,,
kc1                                                                                   ,1067,2109,22,2109.0,21.0,2.0,0.1545756282598387,0.6271504863627695,PASS,,
quake                                                                                 ,772,2178,4,2178.0,3.0,2.0,0.4449035812672176,0.5130640992871546,PASS,,
Titanic                                                                               ,40704,2201,4,2201.0,3.0,2.0,0.3230349840981372,0.7617188316711619,PASS,,
Skin_Cancer_PAD-UFES-20                                                               ,46864,2298,24,2298.0,23.0,2.0,0.4160139251523063,0.943299815841122,PASS,,
jungle_chess_2pcs_endgame_lion_lion                                                   ,41007,2352,47,2352.0,46.0,2.0,0.4034863945578231,0.9834270950535484,PASS,,
hazelnut-spread-contaminant-detection                                                 ,46930,2400,31,2400.0,30.0,2.0,0.5,0.8319444444444444,PASS,,
Pumpkin_Seeds                                                                         ,46951,2500,13,2500.0,12.0,2.0,0.48,0.8439102564102564,PASS,,
wine                                                                                  ,44091,2554,12,2554.0,11.0,2.0,0.5,0.7432414055700609,PASS,,
madelon                                                                               ,1485,2600,501,2600.0,500.0,2.0,0.5,0.726923076923077,PASS,,
jasmine                                                                               ,41143,2984,145,2984.0,144.0,2.0,0.5,0.7209821428571429,PASS,,
space_ga                                                                              ,737,3107,7,3107.0,6.0,2.0,0.4959768265207596,0.7683631266945452,PASS,,
madeline                                                                              ,41144,3140,260,3140.0,259.0,2.0,0.4971337579617834,0.7005436546575787,PASS,,
gina                                                                                  ,41158,3153,971,3153.0,970.0,2.0,0.4915953060577228,0.8552634520376456,PASS,,
phoneme                                                                               ,44127,3172,6,3172.0,5.0,2.0,0.5,0.8445378151260504,PASS,,
splice                                                                                ,953,3190,61,3190.0,60.0,2.0,0.4811912225705329,0.922022601637394,PASS,,
dgf_test                                                                              ,42883,3415,5,3415.0,4.0,2.0,0.1651537335285505,0.9746170436321406,PASS,,
digits_wrote                                                                          ,42334,3468,785,3468.0,784.0,2.0,0.4916378316032295,0.8528768903591682,PASS,,
gina_prior                                                                            ,1042,3468,785,3468.0,784.0,2.0,0.4916378316032295,0.8528768903591682,PASS,,
gina_agnostic                                                                         ,1038,3468,971,3468.0,970.0,2.0,0.4916378316032295,0.8440878278591682,PASS,,
AVIDa-SARS-CoV-2                                                                      ,46800,3733,6,3733.0,5.0,2.0,0.1984998660594696,0.8286482473564878,PASS,,
Bioresponse                                                                           ,46912,3751,1777,3751.0,1776.0,2.0,0.4577446014396161,0.704268031080673,PASS,,
pollen                                                                                ,871,3848,6,3848.0,5.0,2.0,0.5,0.4891965961631875,PASS,,
ada                                                                                   ,41156,4147,49,4147.0,48.0,2.0,0.2481311791656619,0.7314486349680525,PASS,,
abalone                                                                               ,720,4177,9,4177.0,8.0,2.0,0.4982044529566675,0.7336292527821938,PASS,,
ada_prior                                                                             ,1037,4562,15,4562.0,14.0,2.0,0.2481367821131082,0.7075487337792259,PASS,,
spam                                                                                  ,47153,4601,58,4601.0,57.0,2.0,0.3940447728754618,0.8907216336355331,PASS,,
spambase_reproduced                                                                   ,44095,4601,58,4601.0,57.0,2.0,0.3940447728754618,0.8907216336355331,PASS,,
spambase                                                                              ,44,4601,58,4601.0,57.0,2.0,0.3940447728754618,0.8907216336355331,PASS,,
Employee                                                                              ,46925,4653,9,4653.0,8.0,2.0,0.3438641736514077,0.8100504912663755,PASS,,
compas-two-years                                                                      ,45039,4966,12,4966.0,11.0,2.0,0.5,0.637502815188505,PASS,,
rl                                                                                    ,44160,4970,13,4970.0,12.0,2.0,0.5,0.7404582831027223,PASS,,
waveform-5000                                                                         ,979,5000,41,5000.0,40.0,2.0,0.3384,0.7966329057658117,PASS,,
WMO-Hurricane-Survival-Dataset                                                        ,43607,5021,23,5021.0,22.0,2.0,0.4853614817765385,0.491945435570536,PASS,,
sylvine                                                                               ,41146,5124,21,5124.0,20.0,2.0,0.5,0.8985695708712613,PASS,,
KDDCup09_upselling                                                                    ,44186,5128,50,5128.0,49.0,2.0,0.5,0.7524428757198589,PASS,,
kdd_ipums_la_97-small                                                                 ,44124,5188,21,5188.0,20.0,2.0,0.5,0.8349244796736968,PASS,,
banana                                                                                ,1460,5300,3,5300.0,2.0,2.0,0.4483018867924528,0.8467378110701885,PASS,,
christine                                                                             ,41142,5418,1637,5418.0,1636.0,2.0,0.5,0.6150061500615005,PASS,,
philippine                                                                            ,41145,5832,309,5832.0,308.0,2.0,0.5,0.6771428571428573,PASS,,
HMEQ_Data_New                                                                         ,46483,5960,13,5960.0,12.0,2.0,0.199496644295302,0.7647880955317138,PASS,,
HMEQ_Data_Preprocessed                                                                ,46517,5960,21,5960.0,20.0,2.0,0.199496644295302,0.7668992125151948,PASS,,
HMEQ_Data                                                                             ,46431,5960,21,5960.0,20.0,2.0,0.199496644295302,0.7742367387206455,PASS,,
wind                                                                                  ,847,6574,15,6574.0,14.0,2.0,0.4674475205354426,0.7902080654515583,PASS,,
blastchar                                                                             ,46280,7043,20,7043.0,19.0,2.0,0.2653698707936959,0.6624498088832534,PASS,,
telco-customer-churn                                                                  ,45568,7043,20,7043.0,19.0,2.0,0.2653698707936959,0.6624498088832534,PASS,,
delta_ailerons                                                                        ,803,7129,6,7129.0,5.0,2.0,0.4693505400476925,0.915838408480615,PASS,,
ringnorm                                                                              ,1496,7400,21,7400.0,20.0,2.0,0.4951351351351351,0.8764662384667271,PASS,,
twonorm                                                                               ,1507,7400,21,7400.0,20.0,2.0,0.4995945945945946,0.8576672816064294,PASS,,
NATICUSdroid                                                                          ,46969,7491,87,7491.0,86.0,2.0,0.3502870110799626,0.8853072733076073,PASS,,
eye_movements                                                                         ,44157,7608,24,7608.0,23.0,2.0,0.5,0.5667905069906725,PASS,,
puma32H                                                                               ,752,8192,33,8192.0,32.0,2.0,0.49609375,0.8588686263565646,PASS,,
cpu_small                                                                             ,735,8192,13,8192.0,12.0,2.0,0.3023681640625,0.8542717452295282,PASS,,
kin8nm                                                                                ,807,8192,9,8192.0,8.0,2.0,0.4912109375,0.7627902648883378,PASS,,
bank8FM                                                                               ,725,8192,9,8192.0,8.0,2.0,0.4036865234375,0.9111589853892532,PASS,,
cpu_act                                                                               ,761,8192,22,8192.0,21.0,2.0,0.3023681640625,0.8729345612499952,PASS,,
bank32nh                                                                              ,833,8192,33,8192.0,32.0,2.0,0.3104248046875,0.679293813815207,PASS,,
puma8NH                                                                               ,816,8192,9,8192.0,8.0,2.0,0.497802734375,0.7591464867956907,PASS,,
SpeedDating                                                                           ,40536,8378,121,8378.0,120.0,2.0,0.1647171162568632,0.6145445134575569,PASS,,
Support2                                                                              ,46860,9105,47,9105.0,46.0,2.0,0.3189456342668863,0.8947077327782613,PASS,,
delta_elevators                                                                       ,819,9517,7,9517.0,6.0,2.0,0.4972155090889986,0.824940170269528,PASS,,
FICO-HELOC-cleaned                                                                    ,45554,9871,24,9871.0,23.0,2.0,0.4796879748758991,0.6206887418307294,PASS,,
JapaneseVowels                                                                        ,976,9961,15,9961.0,14.0,2.0,0.1620319245055717,0.9419598818891144,PASS,,
Phishing_Legitimate_full                                                              ,46868,10000,49,10000.0,48.0,2.0,0.5,0.9673333333333334,PASS,,
electrical_grid_stability_simulated_classification                                    ,46298,10000,13,10000.0,12.0,2.0,0.362,0.8375072885455815,PASS,,
Bank_Customer_Churn                                                                   ,46911,10000,11,10000.0,10.0,2.0,0.2037,0.6750806170397738,PASS,,
pol                                                                                   ,44122,10082,27,10082.0,26.0,2.0,0.5,0.9755378431022846,PASS,,
internet_usage                                                                        ,46282,10108,69,10108.0,68.0,2.0,0.2685991294024535,0.808385380074903,PASS,,
kdd_internet_usage                                                                    ,43920,10108,71,10108.0,70.0,2.0,0.2685991294024535,0.8170999131478645,PASS,,
heloc                                                                                 ,46932,10459,24,10459.0,23.0,2.0,0.4780571756382063,0.6278498168498169,PASS,,
jm1                                                                                   ,46979,10885,22,10885.0,21.0,2.0,0.1934772622875517,0.5799651346078064,PASS,,
E-CommereShippingData                                                                 ,46924,10999,11,10999.0,10.0,2.0,0.4033093917628875,0.6223698735356707,PASS,,
PhishingWebsites                                                                      ,46948,11055,31,11055.0,30.0,2.0,0.4430574400723654,0.97104515872402,PASS,,
online-shoppers-intention                                                             ,45560,12330,18,12330.0,17.0,2.0,0.1547445255474452,0.7179354863237178,PASS,,
online_shoppers                                                                       ,45060,12330,18,12330.0,17.0,2.0,0.1547445255474452,0.7211334396335994,PASS,,
online_shoppers_intention                                                             ,46947,12330,18,12330.0,17.0,2.0,0.1547445255474452,0.7382215242384734,PASS,,
in_vehicle_coupon_recommendation                                                      ,46937,12684,25,12684.0,24.0,2.0,0.4315673289183223,0.6685205929750304,PASS,,
MagicTelescope                                                                        ,44125,13376,11,13376.0,10.0,2.0,0.5,0.7891833964971056,PASS,,
house_16H                                                                             ,44123,13488,17,13488.0,16.0,2.0,0.5,0.8136913391257455,PASS,,
ailerons                                                                              ,734,13750,41,13750.0,40.0,2.0,0.4238545454545454,0.8335243884711321,PASS,,
eeg-eye-state                                                                         ,1471,14980,15,14980.0,14.0,2.0,0.4487983978638184,0.8093874653255164,PASS,,
mozilla4                                                                              ,1046,15545,6,15545.0,5.0,2.0,0.3285944033451271,0.9355211640095896,PASS,,
test_dataset                                                                          ,41526,15547,61,15547.0,60.0,2.0,0.4876825110953882,0.7425271046944686,PASS,,
NewspaperChurn                                                                        ,44226,15855,19,15855.0,18.0,2.0,0.1915484074424471,0.7176402643372475,PASS,,
elevators                                                                             ,846,16599,19,16599.0,18.0,2.0,0.3090547623350804,0.773265625557646,PASS,,
compass                                                                               ,44162,16644,18,16644.0,17.0,2.0,0.5,0.6645975170204245,PASS,,
credit                                                                                ,46376,16714,11,16714.0,10.0,2.0,0.5,0.6781661268702817,PASS,,
dataset_credit                                                                        ,46543,16714,11,16714.0,10.0,2.0,0.5,0.6781661268702817,PASS,,
HR_Analytics_Job_Change_of_Data_Scientists                                            ,46935,19158,13,19158.0,12.0,2.0,0.2493475310575216,0.6244320474431927,PASS,,
california                                                                            ,45028,20634,9,20634.0,8.0,2.0,0.5,0.8316916820077395,PASS,,
California-Housing-Classification                                                     ,45578,20640,9,20640.0,8.0,2.0,0.4998546511627907,0.8357517802156759,PASS,,
houses                                                                                ,823,20640,9,20640.0,8.0,2.0,0.4318798449612403,0.97344674232274,PASS,,
law-school-admission-bianry                                                           ,43904,20800,11,20800.0,10.0,2.0,0.321826923076923,0.5953377534286295,PASS,,
house_8L                                                                              ,843,22784,9,22784.0,8.0,2.0,0.2959971910112359,0.8039387887003594,PASS,,
BitcoinHeist_Ransomware                                                               ,45037,24780,8,24780.0,7.0,2.0,0.5,0.8111123198468105,PASS,,
airlines                                                                              ,42493,26969,8,26969.0,7.0,2.0,0.446253105417331,0.5663729625746726,PASS,,
CodeXGLUE                                                                             ,46682,27318,6,27318.0,5.0,2.0,0.4561095248554067,0.6868450103588548,PASS,,
student_depression_dataset                                                            ,46874,27901,17,27901.0,16.0,2.0,0.4145012723558295,0.7627478247984444,PASS,,
dataset_default_of_credit_card_clients                                                ,46548,30000,24,30000.0,23.0,2.0,0.2212,0.6090292247486353,PASS,,
credit_card_clients_default                                                           ,46919,30000,24,30000.0,23.0,2.0,0.2212,0.6193218677944315,PASS,,
default-of-credit-card-clients                                                        ,46375,30000,24,30000.0,23.0,2.0,0.2212,0.6090292247486353,PASS,,
adult-census                                                                          ,1119,32561,16,32561.0,14.0,2.0,0.2408095574460244,0.7436772791225159,PASS,,
nomao                                                                                 ,1486,34465,119,34465.0,118.0,2.0,0.2856230958943856,0.9356643137689236,PASS,,
Customer_Churn_Classification_Nominal                                                 ,46371,35000,25,35000.0,24.0,2.0,0.2113428571428571,0.7011582082027635,PASS,,
electricity                                                                           ,44156,38474,9,38474.0,8.0,2.0,0.5,0.8755957782556292,PASS,,
BNG(breast-w)                                                                         ,251,39366,10,39366.0,9.0,2.0,0.344104049179495,0.9727422815128356,PASS,,
BNG(tic-tac-toe)                                                                      ,137,39366,10,39366.0,9.0,2.0,0.3471015597215872,0.791268807429807,PASS,,
click_prediction_small                                                                ,43901,39926,9,39926.0,8.0,2.0,0.1684366077242899,0.5450464394744488,PASS,,
fried                                                                                 ,901,40768,11,40768.0,10.0,2.0,0.498945251177394,0.8754876710679036,PASS,,
2dplanes                                                                              ,727,40768,11,40768.0,10.0,2.0,0.4991169544740973,0.9188421392632948,PASS,,
FOREX_eurnok-hour-High                                                                ,41768,43825,12,43825.0,11.0,2.0,0.4740901312036509,0.5403626395973475,PASS,,
FOREX_eurtry-hour-Close                                                               ,41773,43825,12,43825.0,11.0,2.0,0.4935995436394751,0.5106677509730292,PASS,,
FOREX_eurjpy-hour-High                                                                ,41777,43825,12,43825.0,11.0,2.0,0.4755961209355391,0.5380287831674009,PASS,,
FOREX_eursek-hour-High                                                                ,41779,43825,12,43825.0,11.0,2.0,0.4835824301197946,0.5488930254278237,PASS,,
FOREX_eurnzd-hour-High                                                                ,41883,43825,12,43825.0,11.0,2.0,0.4752082144894466,0.5463113529662825,PASS,,
FOREX_eurusd-hour-High                                                                ,41873,43825,12,43825.0,11.0,2.0,0.463251568739304,0.5418074791085382,PASS,,
FOREX_eurchf-hour-Close                                                               ,41877,43825,12,43825.0,11.0,2.0,0.4979349686252139,0.5030896587380813,PASS,,
FOREX_nzdusd-hour-High                                                                ,41884,43825,12,43825.0,11.0,2.0,0.4709868796349116,0.5485557486287886,PASS,,
FOREX_cadchf-hour-Close                                                               ,41838,43825,12,43825.0,11.0,2.0,0.4998516828294352,0.5101911097437628,PASS,,
FOREX_eurjpy-hour-Close                                                               ,41889,43825,12,43825.0,11.0,2.0,0.4956531660011409,0.5037259835748074,PASS,,
FOREX_cadchf-hour-High                                                                ,41723,43825,12,43825.0,11.0,2.0,0.4884883057615516,0.5651588071909327,PASS,,
FOREX_cadjpy-hour-Close                                                               ,41767,43825,12,43825.0,11.0,2.0,0.4972047917855106,0.5058617265085908,PASS,,
FOREX_audnzd-hour-Close                                                               ,41898,43825,12,43825.0,11.0,2.0,0.4917284654877353,0.4994035147531239,PASS,,
FOREX_eurcad-hour-High                                                                ,41712,43825,12,43825.0,11.0,2.0,0.4808670849971477,0.5491759368060025,PASS,,
FOREX_eurpln-hour-Close                                                               ,41734,43825,12,43825.0,11.0,2.0,0.4940330861380491,0.5098875315102092,PASS,,
FOREX_eursek-hour-Close                                                               ,41896,43825,12,43825.0,11.0,2.0,0.4970222475755847,0.50273499683161,PASS,,
FOREX_audjpy-hour-High                                                                ,41718,43825,12,43825.0,11.0,2.0,0.4849743297204791,0.5351694481891263,PASS,,
FOREX_audchf-hour-High                                                                ,41709,43825,12,43825.0,11.0,2.0,0.4870279520821449,0.5507680158728413,PASS,,
FOREX_eurhuf-hour-Close                                                               ,41736,43825,12,43825.0,11.0,2.0,0.3925385054192812,0.5568260300531475,PASS,,
FOREX_eurhkd-hour-High                                                                ,41739,43825,12,43825.0,11.0,2.0,0.4663776383342841,0.5548169741178676,PASS,,
FOREX_audcad-hour-High                                                                ,41763,43825,12,43825.0,11.0,2.0,0.4853166001140901,0.5933335412988913,PASS,,
FOREX_eurcad-hour-Close                                                               ,41891,43825,12,43825.0,11.0,2.0,0.4999657729606389,0.4978703985397018,PASS,,
FOREX_eurhuf-hour-High                                                                ,41715,43825,12,43825.0,11.0,2.0,0.386377638334284,0.5888990822106582,PASS,,
FOREX_eurgbp-hour-High                                                                ,41742,43825,12,43825.0,11.0,2.0,0.4746377638334284,0.5517789079427698,PASS,,
FOREX_eursgd-hour-High                                                                ,41893,43825,12,43825.0,11.0,2.0,0.4828294352538505,0.5329764353756625,PASS,,
FOREX_audsgd-hour-High                                                                ,41865,43825,12,43825.0,11.0,2.0,0.4852709640616087,0.5407722214811356,PASS,,
FOREX_eurchf-hour-High                                                                ,41842,43825,12,43825.0,11.0,2.0,0.4876896748431261,0.5366082171492584,PASS,,
FOREX_usdjpy-hour-Close                                                               ,41782,43825,12,43825.0,11.0,2.0,0.489720479178551,0.5071159798580767,PASS,,
FOREX_audcad-hour-Close                                                               ,41781,43825,12,43825.0,11.0,2.0,0.4981175128351398,0.5096518832434135,PASS,,
FOREX_usdchf-hour-High                                                                ,41780,43825,12,43825.0,11.0,2.0,0.4830347974900171,0.562940347570143,PASS,,
FOREX_usdchf-hour-Close                                                               ,41792,43825,12,43825.0,11.0,2.0,0.4964517969195665,0.5110027551142979,PASS,,
FOREX_eurpln-hour-High                                                                ,41787,43825,12,43825.0,11.0,2.0,0.4683856246434683,0.5526560934030474,PASS,,
FOREX_usdcad-hour-Close                                                               ,41727,43825,12,43825.0,11.0,2.0,0.4993953223046206,0.5029670679956496,PASS,,
FOREX_audsgd-hour-Close                                                               ,41762,43825,12,43825.0,11.0,2.0,0.4959269823160296,0.5033122169935318,PASS,,
FOREX_audnzd-hour-High                                                                ,41825,43825,12,43825.0,11.0,2.0,0.4819851682829435,0.5583204651332732,PASS,,
FOREX_eurgbp-hour-Close                                                               ,41824,43825,12,43825.0,11.0,2.0,0.4970907016543069,0.5030353550275046,PASS,,
FOREX_chfsgd-hour-High                                                                ,41820,43825,12,43825.0,11.0,2.0,0.4759840273816315,0.5629409972071742,PASS,,
FOREX_eursgd-hour-Close                                                               ,41758,43825,12,43825.0,11.0,2.0,0.4961779806046777,0.5057806812156971,PASS,,
FOREX_euraud-hour-High                                                                ,41835,43825,12,43825.0,11.0,2.0,0.4781745579007416,0.535311550287797,PASS,,
FOREX_usddkk-hour-Close                                                               ,41871,43825,12,43825.0,11.0,2.0,0.4968625213918996,0.5078594990558429,PASS,,
FOREX_usdjpy-hour-High                                                                ,41851,43825,12,43825.0,11.0,2.0,0.4668111808328579,0.5411807551377751,PASS,,
FOREX_chfjpy-hour-High                                                                ,41881,43825,12,43825.0,11.0,2.0,0.4785168282943525,0.5486186270502595,PASS,,
FOREX_chfsgd-hour-Close                                                               ,41885,43825,12,43825.0,11.0,2.0,0.4916600114090131,0.5160923955389256,PASS,,
FOREX_eurnzd-hour-Close                                                               ,41886,43825,12,43825.0,11.0,2.0,0.4900171135196805,0.4975048330087408,PASS,,
FOREX_audchf-hour-Close                                                               ,41888,43825,12,43825.0,11.0,2.0,0.4999201369081574,0.5026615391112044,PASS,,
FOREX_eurdkk-hour-High                                                                ,41856,43825,12,43825.0,11.0,2.0,0.4544209925841415,0.5552720190253199,PASS,,
FOREX_gbpusd-hour-High                                                                ,41879,43825,12,43825.0,11.0,2.0,0.4680661722760981,0.5425143878837974,PASS,,
FOREX_eurrub-hour-Close                                                               ,41862,43825,12,43825.0,11.0,2.0,0.3078379920136908,0.6160095392705646,PASS,,
FOREX_eurdkk-hour-Close                                                               ,41831,43825,12,43825.0,11.0,2.0,0.4744780376497433,0.5065353612075562,PASS,,
FOREX_audusd-hour-Close                                                               ,41878,43825,12,43825.0,11.0,2.0,0.4957672561323445,0.5041180080501055,PASS,,
FOREX_chfjpy-hour-Close                                                               ,41870,43825,12,43825.0,11.0,2.0,0.498094694808899,0.5032502599506845,PASS,,
FOREX_nzdusd-hour-Close                                                               ,41832,43825,12,43825.0,11.0,2.0,0.4954934398174558,0.504799105012161,PASS,,
FOREX_cadjpy-hour-High                                                                ,41833,43825,12,43825.0,11.0,2.0,0.4821905305191101,0.5623667368506896,PASS,,
FOREX_usdcad-hour-High                                                                ,41828,43825,12,43825.0,11.0,2.0,0.4813006274957216,0.5278452884540523,PASS,,
FOREX_euraud-hour-Close                                                               ,41827,43825,12,43825.0,11.0,2.0,0.494968625213919,0.5060175243074325,PASS,,
FOREX_eurnok-hour-Close                                                               ,41859,43825,12,43825.0,11.0,2.0,0.4975926982316029,0.509652458281397,PASS,,
FOREX_eurusd-hour-Close                                                               ,41860,43825,12,43825.0,11.0,2.0,0.4963833428408443,0.5037364192372068,PASS,,
FOREX_gbpusd-hour-Close                                                               ,41804,43825,12,43825.0,11.0,2.0,0.4955162578436965,0.5145827063663055,PASS,,
FOREX_usddkk-hour-High                                                                ,41816,43825,12,43825.0,11.0,2.0,0.4682030804335425,0.5175465081786592,PASS,,
FOREX_audjpy-hour-Close                                                               ,41806,43825,12,43825.0,11.0,2.0,0.4931431831146606,0.4975865886144711,PASS,,
FOREX_eurrub-hour-High                                                                ,41805,43825,12,43825.0,11.0,2.0,0.2964517969195664,0.6236422559039285,PASS,,
FOREX_eurhkd-hour-Close                                                               ,41799,43825,12,43825.0,11.0,2.0,0.4962692527096406,0.5000692582391676,PASS,,
FOREX_eurtry-hour-High                                                                ,41759,43825,12,43825.0,11.0,2.0,0.478471192241871,0.5288044567928976,PASS,,
FOREX_audusd-hour-High                                                                ,41843,43825,12,43825.0,11.0,2.0,0.4703936109526526,0.54501875080327,PASS,,
Loan_Approval_Status                                                                  ,46565,45000,14,45000.0,13.0,2.0,0.2222222222222222,0.8512619047619048,PASS,,
Loan_Approval_Status_Classification                                                   ,46563,45000,14,45000.0,13.0,2.0,0.2222222222222222,0.8512619047619048,PASS,,
Loan_Status                                                                           ,46554,45000,14,45000.0,13.0,2.0,0.2222222222222222,0.8512619047619048,PASS,,
adult-test                                                                            ,45051,48842,15,48842.0,14.0,2.0,0.2392817656934605,0.7501950161332575,PASS,,
adult                                                                                 ,45068,48842,15,48842.0,14.0,2.0,0.2392817656934605,0.7476616359165598,PASS,,
jannis                                                                                ,45021,57580,55,57580.0,54.0,2.0,0.5,0.691154335996295,PASS,,
albert                                                                                ,45035,58252,32,58252.0,31.0,2.0,0.5,0.568493934538796,PASS,,
REASONER                                                                              ,46820,58497,35,58497.0,34.0,2.0,0.2707831170829273,0.7600002308599355,PASS,,
Cardiovascular-Disease-dataset                                                        ,45547,70000,12,70000.0,11.0,2.0,0.4997,0.6305527183664205,PASS,,
MiniBooNE                                                                             ,44128,72998,51,72998.0,50.0,2.0,0.5,0.8792276057630157,PASS,,
Test_Dataset                                                                          ,45922,73503,3,73503.0,2.0,2.0,0.3773315374882658,0.2296580760355625,PASS,,
kick_starter_funding                                                                  ,46810,86502,10,86502.0,9.0,2.0,0.3196342281103327,0.5460503806863635,PASS,,
Run_or_walk_information                                                               ,40922,88588,7,88588.0,6.0,2.0,0.4991985370479072,0.9823143938992808,PASS,,
numerai28.6                                                                           ,23517,96320,22,96320.0,21.0,2.0,0.4948297342192691,0.5004113883206929,PASS,,
higgs                                                                                 ,23512,98050,29,98050.0,28.0,2.0,0.4714227434982151,0.6262191256126112,PASS,,
